"transactionId","accountId","sender","receiver","amount","date"
"1","1","0x061E17F6191e596863244cd33076E45663fe0dd1","0x7cDd2EFdeD0970a9203c54a4bB59d2c1ee570E2F","8","2023-07-19"
"2","1","0x061E17F6191e596863244cd33076E45663fe0dd1","0x9744E1fdFbF28b82d8032F16691Cb067009246E6","3","2023-07-25"
"3","1","0x061E17F6191e596863244cd33076E45663fe0dd1","0xEb0aF93D3D730387f82dFb38Fe78c2D6bb52A97e","2","2024-01-11"
"4","1","0x061E17F6191e596863244cd33076E45663fe0dd1","0xeDf25a07a339e3a3a816Af11b8C93Ce36B396E9E","16","2023-03-22"
"5","1","0x061E17F6191e596863244cd33076E45663fe0dd1","0x2B5f10c885bCCC42bFB6a212c8Dd37d796737C46","14","2023-04-15"
"6","1","0x061E17F6191e596863244cd33076E45663fe0dd1","0x7BAc1775f697858217c1d211F0B8801657Fb90F0","23","2023-05-01"
"7","1","0x061E17F6191e596863244cd33076E45663fe0dd1","0x2110eb3E23a32003Df020f15c1FD6752bBaF86b2","5","2024-02-14"
"8","1","0x061E17F6191e596863244cd33076E45663fe0dd1","0x00d6D4fC3d2525b5BcE4fe1fD5E00168710Aa97a","16","2023-10-27"
"9","2","0x7cDd2EFdeD0970a9203c54a4bB59d2c1ee570E2F","0x9744E1fdFbF28b82d8032F16691Cb067009246E6","17","2023-09-25"
"10","2","0x7cDd2EFdeD0970a9203c54a4bB59d2c1ee570E2F","0xEb0aF93D3D730387f82dFb38Fe78c2D6bb52A97e","23","2023-05-03"
"11","2","0x7cDd2EFdeD0970a9203c54a4bB59d2c1ee570E2F","0xeDf25a07a339e3a3a816Af11b8C93Ce36B396E9E","11","2023-06-26"
"12","2","0x7cDd2EFdeD0970a9203c54a4bB59d2c1ee570E2F","0x2B5f10c885bCCC42bFB6a212c8Dd37d796737C46","19","2024-01-11"
"13","2","0x7cDd2EFdeD0970a9203c54a4bB59d2c1ee570E2F","0x7BAc1775f697858217c1d211F0B8801657Fb90F0","15","2023-08-26"
"14","2","0x7cDd2EFdeD0970a9203c54a4bB59d2c1ee570E2F","0x0369Cd11DC9473ffe8d0264Dba4356F5959C7908","2","2023-12-08"
"15","3","0x9744E1fdFbF28b82d8032F16691Cb067009246E6","0x2B5f10c885bCCC42bFB6a212c8Dd37d796737C46","5","2023-06-25"
"16","3","0x9744E1fdFbF28b82d8032F16691Cb067009246E7","0x7BAc1775f697858217c1d211F0B8801657Fb90F0","1","2023-09-05"
"17","3","0x9744E1fdFbF28b82d8032F16691Cb067009246E8","0x2110eb3E23a32003Df020f15c1FD6752bBaF86b2","24","2023-10-07"
"18","3","0x9744E1fdFbF28b82d8032F16691Cb067009246E9","0x00d6D4fC3d2525b5BcE4fe1fD5E00168710Aa97a","7","2024-01-23"
"19","4","0xEb0aF93D3D730387f82dFb38Fe78c2D6bb52A97e","0xeDf25a07a339e3a3a816Af11b8C93Ce36B396E9E","23","2024-02-07"
"20","4","0xEb0aF93D3D730387f82dFb38Fe78c2D6bb52A97e","0x2B5f10c885bCCC42bFB6a212c8Dd37d796737C46","2","2023-04-18"
"21","4","0xEb0aF93D3D730387f82dFb38Fe78c2D6bb52A97e","0x7BAc1775f697858217c1d211F0B8801657Fb90F0","21","2023-04-27"
"22","5","0xeDf25a07a339e3a3a816Af11b8C93Ce36B396E9E","0x061E17F6191e596863244cd33076E45663fe0dd1","20","2023-07-06"
"23","5","0xeDf25a07a339e3a3a816Af11b8C93Ce36B396E9E","0x7cDd2EFdeD0970a9203c54a4bB59d2c1ee570E2F","20","2024-02-06"
"24","5","0xeDf25a07a339e3a3a816Af11b8C93Ce36B396E9E","0x9744E1fdFbF28b82d8032F16691Cb067009246E6","4","2023-05-14"
"25","5","0xeDf25a07a339e3a3a816Af11b8C93Ce36B396E9E","0xEb0aF93D3D730387f82dFb38Fe78c2D6bb52A97e","8","2023-12-29"
